name,address,phone_number,email,ssn,date_of_birth,credit_card_number
Michael Cooper,"466 James Wells
Greerland, MN 14530",691.393.3734x999,oramirez@example.net,595-40-1137,1910-05-19,4712132230510325
Lisa Day,"687 Williams Mountains
Chelseaburgh, PW 61716",(938)785-5588,mark08@example.com,894-19-5402,1998-12-08,3570878168139197
Donald Maxwell,"Unit 1129 Box 8827
DPO AA 68620",388-995-5273x17953,william60@example.net,546-18-2174,1998-12-11,3517808108407491
Jamie Johnston,"897 Patricia Harbor Suite 616
Margaretfurt, MI 24773",(980)897-5895,mary43@example.com,859-84-1628,1973-09-02,3522528439457535
Amanda Williams,"55723 Shawn Locks
North Amyton, CT 91861",238-541-3198x37964,christopherobrien@example.org,838-44-0798,1948-12-19,4321157513855017
Victor Sheppard,"24593 Byrd Club Apt. 234
Nguyenchester, SC 34651",465-870-9664x376,hfranklin@example.com,409-68-9396,1948-05-13,4547632518556099
Laura Long,"221 Arnold Well Apt. 311
West Brandonmouth, MT 15515",5716966016,wmiller@example.net,046-54-6555,1946-01-17,3557377312717740
Kimberly Elliott,"532 Lopez Mountain Apt. 554
Harringtonberg, ND 49039",(812)931-9680,bradybrett@example.com,471-06-3031,1913-09-04,4509101784479739
Seth Powers,"58061 Larry Ports
Ballchester, UT 58441",+1-816-954-5026,kimberly31@example.com,166-61-1091,1932-04-12,30028331496864
Ronald Wright,"31716 Felicia Wells
North Deborah, FM 78136",(628)311-2750,marshalljohn@example.com,709-53-3477,2016-11-28,6011920868515696
Mrs. Victoria Nguyen,"64634 Bell Fort
Taraburgh, FL 76546",4923099497,ycox@example.net,871-55-8747,1959-07-28,341816174642881
Monica Gay,"723 Boyd Trail Apt. 407
Jordanmouth, PR 69684",001-963-591-6713x518,powellrobin@example.net,539-68-5085,1984-03-25,30003497474138
Mrs. Darlene Henry,"0459 Marks Stravenue
Port William, AZ 09374",001-334-299-0973x17104,samanthawest@example.org,615-77-7514,1920-02-02,4488503692082593
Elijah Fowler,"9217 William Glen Apt. 338
West Andrew, AZ 39099",977.867.8201x420,uchang@example.net,376-62-4757,2010-07-03,639072408417
Lisa Arnold,"298 Ayers Springs
New Billy, WV 15650",(710)868-5359x432,whall@example.com,667-98-8390,1985-12-06,3520367082112200
Michael Parks,"65729 Evans Hills Suite 987
East Christineshire, PR 21461",+1-339-621-6722x7976,qshah@example.org,629-33-5137,1967-05-05,180040853285243
Anthony Green,"27843 Sharon Canyon Apt. 722
South Troy, OH 75425",+1-952-640-8312x716,nicholaspena@example.org,301-98-2084,2003-03-28,6529173362529319
Sean Boyd,"4796 Alexandra Inlet Suite 079
South Jamesland, UT 87903",9907053602,sgriffin@example.com,023-36-8455,1938-04-29,180044455881326
Phillip Ramos,"USNV James
FPO AE 62036",(420)785-6236x80528,johnsondustin@example.net,488-71-6161,1980-09-13,6573574667504011
Luis Miller,"191 Merritt Neck Apt. 211
West Christophertown, GA 38056",496-213-4399,shahn@example.com,056-04-5861,1988-11-16,343022733902316
Paul Noble,"45130 Phillips Points Suite 553
Port Martin, RI 58639",221-854-5430,kurt81@example.com,683-34-9351,1998-07-30,379723769417916
Raymond Haley,"6061 Brandon Wall
Perezfurt, FM 12184",677.758.8396x078,zachary62@example.com,714-84-1282,2021-01-20,4945597453153061
Ruth Mcdonald,"5583 Flowers Courts Suite 982
Port Charlesland, NV 48651",001-360-653-4270,jenkinsjeffrey@example.net,832-15-5983,1970-01-28,4823185404648
Alexandria Faulkner,"6034 Sandra Forges
North Courtneystad, MH 41793",(312)854-3237x989,turnerrodney@example.com,075-83-1419,2021-07-09,3595059553930893
Randall Harper,"81145 Jessica Square Suite 537
Mcdanielberg, AZ 62745",890-578-7406x17769,okelley@example.org,598-16-2616,1953-01-07,2461654670887704
Robert Johnson,"30537 Michelle Greens Apt. 044
Jennifermouth, ME 73371",001-597-510-3712x0741,sthompson@example.com,254-29-0831,1940-03-14,4896194747401798185
Morgan Owens,"066 Ward Coves
Luistown, CO 59847",839-913-9352x32829,meadowsgregory@example.com,595-41-9034,2018-07-23,180062234996306
Emma Mitchell,"208 Rivera Isle
Ericaport, FM 65780",001-465-963-4785x82778,igibbs@example.com,310-31-9417,1929-01-19,4721285790296633
Cameron Duncan,"0664 Velazquez Ports
Singletonview, FM 27694",930-644-1855x6370,coryfields@example.net,818-71-7748,1977-01-19,4683546598706
Kristina Williams,"137 Andrew Ridge Suite 018
Lake Kimberlyville, IN 57744",555.868.1933,cmartin@example.com,458-51-0477,1970-05-14,180041026010740
Brenda Robles,"98948 John Streets
Ryanton, ME 70114",+1-325-723-5187x13237,cameron48@example.com,733-06-6755,1944-05-07,4301337393212042
Joshua Preston,"616 Brown Alley Apt. 457
West Aaron, AK 23885",(613)848-6593,lopeznorma@example.net,054-63-2889,1963-08-10,3555901866667977
Emily Wilson,"931 Hunter Circles
Timothyfort, NE 72822",(363)242-6555,evega@example.net,583-98-3533,1963-10-26,180084642376723
Shane Gibson,"11530 William Knoll Suite 677
Port Garrett, NM 48543",(518)300-4437x316,palmerrobert@example.com,450-76-5189,1962-12-30,5346444980447579
Samuel Hill,"8429 Robert Inlet
West Garrettview, PR 83590",424-417-7355,harrismario@example.net,199-54-1487,1924-12-16,4471088178291246328
Christopher Rodriguez,"359 Thompson Circle Apt. 411
East Blaketown, MH 27441",001-450-916-5515x650,angelayu@example.org,035-41-3368,2019-08-01,180029877051194
Brandon Holland,"6550 Lucas Corners Suite 766
East Jamiemouth, PR 84950",+1-620-692-5471x5503,xwyatt@example.org,281-91-8025,1940-11-25,4684733155083077217
Mark Pace,"412 Edwards Circle
Marthamouth, DE 07172",+1-484-799-1908x264,rogersstephanie@example.org,310-50-8975,1927-03-15,4350108547413073467
Lisa Powell,"73158 Henry Shore
Amberbury, MP 52184",936-878-5184,ayalahayden@example.org,700-88-2548,1932-12-11,2234040457848141
Kendra Cox,"60285 Joseph Ridge
Wisemouth, FL 37255",+1-789-323-1848x480,xpatton@example.com,886-02-1109,1944-11-06,4241382651207980
Maria Proctor,"53923 Jennifer Isle Apt. 649
Gregorymouth, KS 30261",+1-775-271-2281x595,angel44@example.net,569-42-8487,1972-02-27,3577203334478440
Matthew Williams,"4064 David Court Apt. 744
East Lindsey, NC 17086",328-360-0118,cwilson@example.org,878-59-7139,1994-04-15,3503697799141139
Mrs. Cassidy Murphy DVM,"73514 Anne Extensions
Millsburgh, HI 22431",+1-817-420-3170x614,bradley69@example.org,117-48-6715,1984-07-13,2250245693300554
Christopher Hall,"USNV Farmer
FPO AP 33944",534-287-3078,christiesmith@example.net,293-56-9408,2018-06-30,4534682191669433
James Shields,"2046 Diane Rue Apt. 537
Danielview, OH 62851",290-732-0964x1943,connorharris@example.com,180-06-6281,1941-09-08,213158674631113
Justin Harper,"003 James Radial
Sheilaside, KS 93275",(846)229-4901x195,brian14@example.com,434-46-9706,1948-02-05,3564199913222552
Alicia Mcgrath,"063 Gonzalez Landing Apt. 782
West Markville, MN 10048",320-803-4444x61314,drodriguez@example.org,743-52-3790,2001-01-24,4612596602276375111
Elizabeth Edwards,"300 April Mills Suite 905
Freemanside, TN 71274",403.490.7595x5883,danielle39@example.com,711-26-1518,1929-03-08,4635827064932800
Joshua Thompson,"47112 Mary Locks Apt. 488
Rogersville, FM 02230",+1-279-651-3924x453,leeedward@example.com,148-70-3498,1964-02-21,4733106300530020
Kristen Campbell,"793 Lin Walks
Parsonsborough, LA 97616",001-733-533-4394x853,robertsian@example.net,747-33-2614,1954-10-06,5454096244842884
Catherine Wyatt,"107 Hall Track
Sandovalburgh, SC 03940",001-593-975-7180x33205,marshallgary@example.org,271-61-0704,1997-02-27,342604200006803
Kristine Dunlap,"1137 Ryan Grove
South Brianland, VI 05427",(361)686-5275,johnsonpamela@example.com,352-06-4942,2023-05-21,4483389766211754
Lisa Bass,"USS Wright
FPO AE 13216",001-310-973-3498x2630,jordanbrett@example.org,159-53-6364,1998-10-21,340658200409864
Kevin Vang,"1203 Lisa Light Apt. 557
West Brendatown, MN 70418",(398)527-7406x784,michaelallen@example.net,182-42-4268,2005-04-29,180017664122260
Matthew Robinson,"9359 Crawford Avenue Suite 506
Jameston, AZ 03668",+1-681-437-2391x69727,bmedina@example.org,774-55-5872,1944-01-09,3536933990186966
Jillian Mcclure,"PSC 9861, Box 9397
APO AP 95225",637.880.5632x807,william34@example.org,473-43-0899,1909-08-02,30506423529593
Joshua Harris,"161 Cindy Summit
Lake David, MP 44767",001-652-766-5177x81508,marquezchelsea@example.org,685-42-9278,1996-08-19,3569410526700917
Kelly Wilkinson,"621 Laura Station Apt. 149
South Katiehaven, DE 62939",+1-798-255-0828x079,elizabeth96@example.com,675-36-9189,1947-08-11,3516017411791572
Eric Blake IV,"0385 Diaz Ranch Suite 786
Christineland, GU 79707",599-501-2912x49619,christopherberger@example.net,068-41-1256,1908-06-07,4006757396155587744
Marc Rogers,"76141 Rebekah Plains Suite 615
Monicaside, FL 18465",426.738.3172x3734,lwoods@example.org,430-91-8078,2005-11-28,4321277800434738
Angelica Murray,"Unit 7575 Box 2963
DPO AA 52547",415-569-8033x800,mcarrillo@example.org,776-78-8455,1954-08-20,3534693840741004
Steven Stark,"3179 Amber Trafficway
Kingfurt, NM 55702",695-788-9093,peter97@example.com,053-81-8892,1963-01-19,503837089138
John Carter,"91757 William Squares Apt. 200
East Ryan, NE 86874",(808)803-5306x0233,ryan24@example.com,336-08-4018,1974-03-10,4557500694533611
Kathleen Flores,"PSC 6430, Box 9945
APO AE 96129",001-238-891-1697x87486,garybarker@example.org,818-90-4317,1975-03-26,4042135992145
Dennis Thomas Jr.,"6171 Cory Village
Maryside, IA 75075",349-635-4694,ashleysmith@example.org,485-95-0705,1990-04-18,30013110216436
Jeremy Wang,"Unit 1761 Box 6295
DPO AA 11009",(224)923-6676x70327,lisa07@example.org,290-19-5513,2003-07-25,180028885461791
Taylor Henry,"2147 Turner Tunnel
North Cynthia, SC 83091",(924)580-1357x6090,bbrown@example.org,212-57-5690,1955-04-24,6011932421915404
Eric Mathis,"4398 Lowe Plains Suite 021
Dianaborough, NJ 13189",(223)243-8561,berrykaren@example.org,337-24-4534,1961-08-28,36510424375158
Jason Carney,"79055 Marc Harbors Apt. 535
New Josephberg, OR 63906",(250)833-6269,tfox@example.org,284-36-3345,2019-09-14,2259945389495359
Nicole Cook,"89663 Craig Estates
South Alexis, VA 41545",+1-939-583-1263x90773,esmith@example.net,884-12-3551,1956-04-22,2720784543969244
Lisa Faulkner,"92068 Brian Meadows
Lake Destinyfurt, NE 92222",+1-564-491-8998x9486,larrymeza@example.org,839-79-0758,1968-03-21,4001447463304067
Robin Johnson,"929 Fernandez Knoll
East Sarah, OH 90803",001-743-724-8692,macdonaldrachel@example.org,669-88-5420,2015-11-23,6563068808835469
Edward Oliver,"41329 George Mount
New Danaburgh, CT 45782",001-702-984-5554,mmorris@example.net,633-44-2076,1974-10-03,4704297653880610
Briana Hammond,"926 Fisher Lodge
Penningtonmouth, ME 17139",001-365-692-7687x373,melody40@example.org,385-58-5920,1913-10-11,4211939680103823
Steven Sullivan,"33647 Carr Avenue Apt. 035
North Ashleyland, MP 23891",593.724.9811,kwood@example.net,231-96-6472,1987-09-22,2246364914088091
Christopher Miller,"USS Watson
FPO AE 70563",656.520.1149,schultzadrienne@example.org,786-99-0012,1935-04-07,6011691178013348
Cassandra Salas,"87429 Brian Spur Apt. 359
East Kristy, AR 64750",260-831-5835,nicholas15@example.net,157-74-7017,1988-09-25,676126227526
Joel Andrews,"234 Justin Plains Apt. 318
East Darlene, ID 83471",001-670-394-3588x659,emmarodriguez@example.org,609-82-3196,1993-07-30,349435725248130
Nicole Peterson,"8101 Washington Hollow Apt. 772
Port Matthew, OR 14636",796.642.6238x26312,cynthia29@example.org,134-47-2160,1936-11-02,4294430022768743204
David Mathis,"353 Cannon Extension
North Laurastad, HI 47593",001-433-462-0051x4153,millerchristopher@example.com,431-92-8414,1911-01-19,371055854257305
Jacob Wagner,"3059 Pierce Green
Beckystad, MP 88287",850-350-1762x537,alexanderwood@example.org,319-01-9518,1941-02-27,4905626905996174918
Gregory Murphy,"7104 Mitchell Ferry Apt. 774
Port Kristen, MD 82990",325-602-8957,courtneygonzalez@example.org,783-62-1894,1956-01-18,503809337101
Dana Fletcher,"48211 Ewing Place Suite 694
East Zachary, FL 17972",001-352-211-7228,susanschwartz@example.org,222-63-4076,1970-04-01,676111426281
Nicole Brown,"17647 Mccarty Islands Apt. 161
West Nicolefurt, ND 55138",243.827.8303,kristen05@example.com,058-44-2131,1915-02-15,4750194762379
Walter Berger,"395 Nicole Springs Apt. 830
Port James, ME 69437",001-999-387-5930,adam06@example.org,869-76-5170,2012-12-14,343277180177537
Charles Stokes,"84255 Teresa Knolls Apt. 151
Port Melanieton, CT 47738",(896)453-9624,brenda03@example.org,478-31-5980,2019-12-14,180040041652072
Lisa Benson,"10585 Zachary Islands Suite 124
Port Chase, OK 73834",001-564-570-7324,reginaldrodriguez@example.org,604-31-2191,2019-02-26,3543356946334590
Brian Brown,"8927 Weeks Plains Suite 798
Lake Jasminshire, KS 48690",001-610-771-3769x1084,christopher81@example.com,621-91-8318,1913-11-26,4016454998297
Brandon Gray,"8487 Palmer Light Suite 125
Kathrynhaven, NJ 33008",271.679.3898x6600,stevenmay@example.com,326-69-3909,1910-02-07,3512393617269083
Linda Owens,"203 Steven Flat Suite 904
Marystad, FM 18272",995-662-5723x16979,williamspeter@example.com,863-62-0643,1939-01-07,4485182849501772
Stephanie Davis,"33522 Michael Ferry
Andersonside, NV 55036",+1-283-378-2698,cramirez@example.com,423-37-1262,1925-09-28,4396816894487
Robert Torres DDS,"75624 Roger Lakes Suite 998
Neilside, NY 98921",(651)772-6943x392,zachary78@example.com,701-15-0717,1945-09-13,4063689043675732384
Melissa Roberts,"2462 Galvan Lodge
Emilyview, NV 04934",(294)419-3628,samantha95@example.org,566-58-9497,1928-04-21,5213788236121275
Kyle Phillips,"01454 Jose Coves Suite 595
Lake Jamesburgh, TX 73421",(261)994-5465,olsoneric@example.com,151-79-4981,1920-08-04,2538140462061970
Kristen Bruce,"2090 Kevin Brook
Johnsburgh, TN 95063",410-933-3943,kaitlin81@example.net,341-76-2497,1922-07-03,376610659007332
John Wright,"229 West Plaza
Ryanberg, OR 38424",(854)342-3435,nparks@example.com,687-11-0505,1920-03-06,4707917321287242034
Bonnie Stewart,"438 Mario Passage Apt. 536
Scottside, OH 87857",5955932911,oliverkaren@example.net,605-50-9739,1948-07-20,3597550992983392
Robert Hunt,"293 Jacob Ranch
East Kyleside, WA 32022",(702)716-1114,qrandolph@example.com,134-50-6709,2021-06-13,379566705347360
Juan Campbell,"6532 Susan Brooks
Port Rodney, AK 52054",3657101266,vreid@example.net,497-62-9168,1971-04-16,6519837027073408
Thomas Bennett,"6293 Kennedy Via Suite 611
Port Jennifermouth, WA 57948",+1-427-376-6946x30072,asmith@example.com,617-43-3131,1986-01-09,2287804983584371
